fecha,open,high,low,close,volume
2025-08-01,42.0,42.04,41.12,41.13,3297224
2025-08-04,41.0,41.36,40.8,41.36,2350472
2025-08-05,41.38,41.63,40.99,41.28,1423036
2025-08-06,41.44,41.57,41.15,41.53,3018624
2025-08-07,41.71,42.35,41.49,42.33,1476746
2025-08-08,42.52,42.92,42.38,42.79,1161958
2025-08-11,43.06,43.06,42.22,42.22,1114212
2025-08-12,42.53,42.53,41.9,42.27,969756
2025-08-13,42.29,42.69,42.28,42.66,1220620
2025-08-14,42.7,43.34,42.7,43.26,1167871
2025-08-15,43.45,43.7,43.07,43.48,1508302
2025-08-18,43.69,43.7,43.38,43.68,824841
2025-08-19,43.75,44.22,43.65,43.84,1813731
2025-08-20,43.65,43.87,43.49,43.82,875278
2025-08-21,43.77,43.79,43.02,43.43,1156858
2025-08-22,43.31,44.17,43.31,44.01,1030228
2025-08-25,43.91,44.09,43.58,43.63,579141
2025-08-26,43.31,43.98,43.29,43.46,2926851
2025-08-27,43.45,43.73,43.35,43.54,4023354
2025-08-28,43.67,43.84,43.35,43.36,830127
2025-08-29,43.3,43.36,42.2,42.2,1448486
2025-09-01,42.3,42.5,41.93,42.17,1053765
2025-09-02,42.05,42.19,41.24,41.24,1897937
2025-09-03,41.5,42.23,41.38,42.22,1394567
2025-09-04,42.32,42.93,42.24,42.67,1235462
2025-09-05,42.6,42.79,41.86,42.07,1675953
2025-09-08,42.03,42.87,41.97,42.87,1084548
2025-09-09,42.87,43.39,42.51,42.65,2450349
2025-09-10,45.0,45.92,44.92,45.43,4958656
2025-09-11,45.85,46.64,45.48,46.64,3339180
2025-09-12,46.59,46.59,45.74,46.2,2427023
2025-09-15,46.29,46.54,46.06,46.4,4316791
2025-09-16,46.46,46.53,45.38,45.38,1876205
2025-09-17,46.01,46.35,45.7,45.72,2298855
2025-09-18,45.81,46.17,45.51,46.05,1255960
2025-09-19,45.9,46.32,45.89,45.91,5677657
2025-09-22,45.8,45.85,45.0,45.0,1417496
2025-09-23,45.4,45.4,44.65,44.91,1663736
2025-09-24,44.83,44.84,44.34,44.34,1684873
2025-09-25,44.55,44.87,44.37,44.48,4829587
2025-09-26,44.56,45.38,44.48,45.31,1756225
2025-09-29,45.59,45.87,45.31,45.75,1630714
2025-09-30,45.72,46.99,45.6,46.97,2805278
2025-10-01,46.98,48.07,46.75,48.0,2947179
2025-10-02,48.11,48.57,47.8,47.8,2493991
2025-10-03,48.14,48.65,48.05,48.35,4067221
2025-10-06,48.55,48.96,48.18,48.34,1852618
2025-10-07,48.35,49.09,48.3,48.75,2582352
2025-10-08,48.57,48.86,47.95,48.07,2549194
2025-10-09,48.14,48.36,47.18,47.32,1416961
2025-10-10,47.7,48.2,46.9,46.97,1426016
2025-10-13,47.26,47.77,47.22,47.49,1267760
2025-10-14,47.13,47.63,47.06,47.42,3420016
2025-10-15,47.6,47.97,47.47,47.9,1388321
2025-10-16,47.81,48.24,47.43,48.24,1392220
2025-10-17,47.88,48.29,47.43,48.27,1629288
2025-10-20,48.66,48.98,48.36,48.77,2150516
2025-10-21,48.97,49.31,48.73,49.0,6088934
2025-10-22,48.88,49.03,48.59,48.59,17056366
2025-10-23,48.66,48.91,48.35,48.78,926602
2025-10-24,49.0,49.7,48.92,49.7,1596715
2025-10-27,49.8,50.22,49.59,50.22,1427425
2025-10-28,50.28,50.32,49.57,49.65,1146765
2025-10-29,49.6,50.02,49.11,49.22,1291509
2025-10-30,48.08,48.26,47.38,47.87,1472575
2025-10-31,47.85,48.05,47.62,47.9,1206423
2025-11-03,47.73,48.19,47.39,47.47,1317880
2025-11-04,46.88,47.62,46.07,47.38,8446393
2025-11-05,47.06,48.16,46.87,47.94,14876494
2025-11-06,47.74,48.4,47.61,47.7,1263143
2025-11-07,48.0,48.04,47.18,47.54,1239773
2025-11-10,48.05,48.71,47.93,48.39,1580013
2025-11-11,48.87,49.99,48.31,49.83,2678666
2025-11-12,49.88,50.16,49.66,49.86,1628271
2025-11-13,49.95,49.95,48.86,48.93,1634352
2025-11-14,48.52,48.87,48.34,48.73,1436379
2025-11-17,48.26,48.45,46.98,47.05,1375692
2025-11-18,46.5,46.66,46.11,46.59,2311656
2025-11-19,46.61,47.59,46.61,47.33,1606164
2025-11-20,47.58,47.8,47.33,47.48,1506640
2025-11-21,46.68,47.09,46.27,46.54,1945073
2025-11-24,47.47,47.52,46.6,46.73,11144796
2025-11-25,46.64,47.55,46.5,47.54,1266923
2025-11-26,47.98,48.08,47.3,48.05,1573366
2025-11-27,47.99,48.28,47.9,48.05,1611608
2025-11-28,48.0,48.42,47.96,48.25,954990
2025-12-01,48.07,49.32,48.05,49.29,1764734
2025-12-02,49.34,49.87,48.44,49.07,4178113
2025-12-03,51.0,54.1,51.0,53.42,7392316
2025-12-04,53.5,54.86,53.2,54.84,3512040
2025-12-05,55.0,55.24,54.32,54.86,2208470
2025-12-08,54.88,55.02,53.82,53.9,1507182
2025-12-09,53.92,54.3,53.28,54.3,2193399
2025-12-10,54.16,54.86,53.98,54.7,2158088
2025-12-11,55.0,55.86,54.6,55.08,3541912
2025-12-12,55.32,56.1,55.18,55.76,1817138
2025-12-15,56.0,56.1,54.32,54.6,2422248
2025-12-16,54.64,55.06,54.32,54.56,3038317
2025-12-17,54.76,54.88,54.5,54.8,2454211
2025-12-18,55.1,56.38,54.94,56.2,2314470
2025-12-19,56.44,56.9,55.6,55.64,5098238
2025-12-22,55.52,56.36,55.34,56.16,1994238
2025-12-23,56.04,56.36,55.96,56.12,1319905
2025-12-24,56.12,56.32,56.0,56.08,157890
2025-12-29,55.94,56.38,55.9,56.22,973222
2025-12-30,56.14,56.72,56.08,56.62,1906511
2025-12-31,56.42,56.56,56.26,56.34,579762
2026-01-02,56.5,56.68,55.92,56.34,1369365
2026-01-05,56.52,56.72,55.64,56.22,1589145
2026-01-06,55.82,57.18,55.5,57.04,1769768
2026-01-07,57.6,57.74,56.7,57.2,3660700
2026-01-08,57.0,57.24,56.06,56.78,1758924
2026-01-09,56.7,56.96,56.1,56.46,2574969
2026-01-12,56.62,57.3,56.46,57.22,1265750
2026-01-13,57.3,57.72,56.86,57.12,1121025
2026-01-14,57.7,57.7,56.26,56.26,2065665
2026-01-15,56.0,56.24,55.22,55.66,2558875
2026-01-16,55.52,56.08,55.22,55.86,1865663
2026-01-19,55.06,56.22,55.02,55.96,1106511
2026-01-20,55.5,55.84,55.22,55.5,1375962
2026-01-21,55.56,55.88,55.14,55.46,1242461
2026-01-22,55.9,55.9,54.88,55.28,1572368
2026-01-23,55.44,55.44,54.78,55.0,1456264
2026-01-26,55.0,55.04,54.26,54.34,1904054
2026-01-27,54.36,54.44,53.82,54.42,2870346
2026-01-28,54.36,54.8,54.08,54.12,1360360
2026-01-29,54.1,54.58,53.82,54.1,1217358
2026-01-30,54.02,55.18,54.02,55.0,3853210
